<?xml version="1.0" encoding="utf-8"?>
<install type="component" version="2.0" method="upgrade">

	<name>availcal</name>
	<author>Jan Maat</author>
	<copyright>Copyright (C) 2009-2010 </copyright>
	<creationDate>January 27, 2011</creationDate>
	<license>GNU/GPL</license>
	<authorEmail>jan.maat@hetnet.nl</authorEmail>
	<authorUrl></authorUrl>
	<version>02.01</version>
	<description>This component provides a easy means of displaying and managing the availability of objects</description>
	
	<!-- Install/Uninstall Section -->
	<install>
		<sql>
			<file charset="utf8" driver="mysql">install.sql</file>
		</sql>
	</install>
	
	<uninstall>
		<sql>
			<file charset="utf8" driver="mysql">uninstall.sql</file>
		</sql>
	</uninstall>
	
	<installfile>install.php</installfile>
	<uninstallfile>uninstall.php</uninstallfile>
	
	<!-- Administration File Section -->
	<administration>
	
		<menu>Availability Calendar</menu>
		<submenu>
			<menu link="option=com_availcal">Dark Periods</menu>	
			<menu link="option=com_availcal&amp;task=uploadform">Xml Upload</menu>		
		</submenu>
		
		<files folder="admin">
		
			<filename>help/index.html</filename>
			<filename>help/en-GB/help.html</filename>
			<filename>help/nl-NL/help.html</filename>
			
			<filename>assets/index.html</filename>
			<filename>assets/plg_css.css</filename>
			
			<filename>models/darkperiod.php</filename>
			<filename>models/darkperiods.php</filename>
			<filename>models/xmlupload.php</filename>
			<filename>models/index.html</filename>
			
			<filename>tables/darkperiod.php</filename>
			<filename>tables/index.html</filename>
			
			<filename>views/darkperiod/view.html.php</filename>
			<filename>views/darkperiod/index.html</filename>
			<filename>views/darkperiod/tmpl/default.php</filename>			
			<filename>views/darkperiod/tmpl/index.html</filename>
			
			<filename>views/darkperiods/view.html.php</filename>
			<filename>views/darkperiods/index.html</filename>
			<filename>views/darkperiods/tmpl/default.php</filename>
			<filename>views/darkperiods/tmpl/index.html</filename>
			
			<filename>views/xmlupload/view.html.php</filename>
			<filename>views/xmlupload/index.html</filename>
			<filename>views/xmlupload/tmpl/default.php</filename>
			<filename>views/xmlupload/tmpl/default_form.php</filename>			
			<filename>views/xmlupload/tmpl/index.html</filename>
			
			<filename>admin.availcal.php</filename>			
			<filename>controller.php</filename>
			<filename>install.sql</filename>
			<filename>uninstall.sql</filename>
			<filename>install.php</filename>
			<filename>uninstall.php</filename>
			<filename>index.html</filename>
			
		</files>
		
		<languages>
			<language tag="nl-NL">admin/languages/nl-NL.com_availcal.ini</language>
			<language tag="en-GB">admin/languages/en-GB.com_availcal.ini</language>
			<language tag="de-DE">admin/languages/de-DE.com_availcal.ini</language>
		</languages>
					
	</administration>
	
	

</install>
