<?xml version="1.0" encoding="utf-8"?>
<extension
	type="module"
	version="0.1"
	client="site"
	method="upgrade">
	<name>mod_availcal</name>
	<author>Jan Maat</author>
	<creationDate>January 2012</creationDate>	
	<license>GNU General Public License version 2 or later; see LICENSE.txt</license>
	<authorEmail>jenj.maat@gmail.com</authorEmail>
	
	<version>0.0.2</version>
	<description>MOD_AVAILCAL_DESCRIPTION</description>
	<files>
		<filename module="mod_availcal">mod_availcal.php</filename>
		<folder>tmpl</folder>
		<filename>helper.php</filename>
		<filename>index.html</filename>
		<filename>mod_availcal.xml</filename>
	</files>
	<languages folder="language">
		<language tag="en-GB">en-GB/en-GB.mod_availcal.ini</language>
		<language tag="en-GB">en-GB/en-GB.mod_availcal.sys.ini</language>
		<language tag="nl-NL">nl-NL/nl-NL.mod_availcal.ini</language>
		<language tag="nl-NL">nl-NL/nl-NL.mod_availcal.sys.ini</language>
		<language tag="de-DE">de-DE/de-DE.mod_availcal.ini</language>
		<language tag="de-DE">de-DE/de-DE.mod_availcal.sys.ini</language>
		<language tag="es-ES">es-ES/es-ES.mod_availcal.ini</language>
		<language tag="es-ES">es-ES/es-ES.mod_availcal.sys.ini</language>
	</languages>
	<config>
		<fields name="params">
			<fieldset name="basic">				
				<field name="name" type="text" size="20" 
					label="OBJECT_NAME" description="OBJECT_NAME_DESC" />
				<field name="week_firstday" type="radio" size="1" default="0"
					label="WEEK_FIRSTDAY" description="WEEK_FIRSTDAY_DESC">
					<option value="0">WEEK_FIRSTDAY_SUNDAY</option>
					<option value="1">WEEK_FIRSTDAY_MONDAY</option>
				</field>
			</fieldset>
		</fields>
	</config>
	
</extension>
